Location Name,Office,NET BKG For Contract
27 GRADOS,CORG121HD,-76
ALCARRIA VIAJES Y TURISMO,CORG121CB,11
Alcon Viajes,CORG1215G,43
Algarrobo,UAQG1211D,16
Amato Turismo,GPOG12101,55
Auster DMC,BUEG1237L,263
Blue Bird Travel,BUEG121HE,32
Borniego Viajes y Tursimo,BHIG1211M,-41
COMDETURSA,RESG1210H,296
CONTI Y SCHIERANO VIAJES,CORG121ED,-357
Carletto y Mathus Viajes y Turismo,MDZG1214W,0
Colores de Argentina,BUEG121H9,18
Conexia Travel,CORG121A4,113
Dejean Viajes y Turismo,MDQG12103,13
Delfos Mar del Plata,MDQG12144,178
Delfos Operador Mayorista,CORG12545,3500
Delfos Operador Mayorista,CORG128AN,-94
Delfos Operador Mayorista,CORG128AT,397
Delfos Operador Mayorista,CORG128B6,1022
Delfos Operador Mayorista,CORG128B8,-251
Delfos Operador Mayorista,CORG128BE,2363
Delfos Operador Mayorista Suc Bue,BUEG121BJ,1017
Delfos Operador Mayorista Suc NQN,NQNG1210V,201
Delfos Operador Mayorista Suc Rio Cuarto,RCUG12102,0
Delfos Operador Mayorista Suc. MDZ,MDZG12107,27
Delfos Operador Mayorista Suc. ROS,ROSG1211Y,2085
Delfos Suc Tuc,TUCG1210P,428
Dhara Viajes,CORG121BA,41
EQUIPAJE EN MANO,USHG1210V,-10
Epsilon Travel,MDQG1210L,12
F&P Asesores TuristicosF&P ASESORES TURISTICOS,CORG12183,119
FASHION TRIP,CORG121F2,-15
GABRIELA PISTEK EMPRESA DE VIAJES,RESG1210Q,118
GAFAMEL VIAJES Y TURISMO,MDQG1214H,72
Gadea Viajes,CORG121KP,5
Gollua,CORG121L9,-9
Griffin,CORG12146,-6
HIMALAYA CERRO,CORG121DM,19
Himalaya Viajes,CORG12115,-56
Izlet,CORG121B9,50
Krabi trips ,UAQG12116,-11
Lanucci Viajes,CORG1219L,86
Las Troyanas Viajes,CORG12569,-78
Lemon Travel,CORG12113,45
Liliana Del Rio,CORG12575,-107
Mariana Machado Viajes,NQNG1211A,29
MÖBIUS VIAJES,CORG121LU,2
Nativo Viajes,CORG1217J,64
Neuquen Travel EVT,NQNG1210Y,0
Novo Vento Viajes,CORG121DZ,72
ONE TRIP,CORG121C2,1925
Olimpia,CORG121L7,7
Pared Sur,MDZG1211T,-2
Pelosso travel,CORG1217R,257
Planeta Azul Viajes Empresa de Viajes y Turismo,MDQG1210K,16
Pleasure Tours,BUEG123B9,-7
Quinteros Viajes,CORG121MG,164
Rutur Viajes,CORG12197,69
SINEC SA,BUEG123KK,403
SL Viajes,CORG1217C,-327
SUNFLOWER,CORG121GM,130
Safari,UAQG1211A,-124
Sandra Haddad,CORG1219J,7
Taller De Viajes,MDZG12167,-32
Tandiltur,TDLG1210D,35
Taxidia Viajes,CORG121KR,31
Travel Solutions,CORG1210J,143
Travel Support E. V. T.,CORG12128,-40
Turisand,SLAG1210H,-1
VIA ROMA VIAJES,MDQG1214B,19
VUELEONLINE.COM,CORG121DB,245
Victoria Grunig Empresa  de Viajes y Turismo,CORG122AN,24
Vinea Viajes,MDZG1214J,-69
Vorano Viajes,MDQG1210B,187
VÍA MARIS,CORG121CC,2
YO AMO VIAJAR,CORG121J8,14
agencia silvia binder consultora,CORG12524,-22
e motion viajes y turismo,UAQG1211E,2
